section,name,metric,value
retrieval,vector-only,context_precision,1.0
retrieval,vector-only,recall,1.0
retrieval,vector-only,mrr,1.0
retrieval,vector-only,top1_accuracy,1.0
retrieval,hybrid,context_precision,1.0
retrieval,hybrid,recall,1.0
retrieval,hybrid,mrr,1.0
retrieval,hybrid,top1_accuracy,1.0
retrieval,hybrid+rerank,context_precision,1.0
retrieval,hybrid+rerank,recall,1.0
retrieval,hybrid+rerank,mrr,1.0
retrieval,hybrid+rerank,top1_accuracy,1.0
answers,default-mode,faithfulness,0.9512
answers,default-mode,answer_compliance,1.0
answers,default-mode,style_consistency,1.0
answers,default-mode,refusal_appropriateness,1.0
answers,default-mode,avg_latency_ms,1260.7
answers,default-mode,n_answer,20
answers,default-mode,n_refuse,10
